ell,F_IR_exact_q1over4_L32
2,0.7514164267951486
3,0.7528248285308332
4,0.7546902926348205
5,0.7570023367709008
10,0.7747312235696774
20,0.8320386917008885
29,0.8903166825417276
30,0.8963749496149254
32,0.9080301397071394
40,0.9470985570816308
50,0.9776530870027963
100,0.9999824540657317
220,1.0
