{
 "capture_seconds": 604.3,
 "capture_sha256": "sha256:f4a3ce11078f8474631c98af13345f87e561e7b9bd618e511520ebba847ec21c",
 "causal_pairs_total": 143820,
 "causal_stride": 1,
 "cone_margin": -1.4122990611036421,
 "config": {
  "carrier_count": 262144,
  "cycles": 16,
  "geometry_transport": "held_out_flow",
  "observer_count": 512,
  "observer_cross_reads": true,
  "observer_samples": 6,
  "observer_support_size": 384,
  "seed": 20260751,
  "snapshot_coverage": "spanning"
 },
 "coupling_spread": 0.17657,
 "cross_observer_edges": 1062,
 "eigenvalues": [
  -8.138309555160196,
  -3.1371115420941584,
  -0.00018752130963360392,
  5.696228699427083
 ],
 "event_count": 9216,
 "held_out_inertia": [
  1,
  3
 ],
 "normalization_coefficients": [
  0.225399,
  0.227335,
  0.224929,
  0.226092,
  0.220655,
  0.227244
 ],
 "pair_cap": 300000,
 "raw_moment_min_eig": 0.004240695720316457,
 "spacelike_pairs_total": 42318900,
 "spacelike_stride": 141
}
