{
  "mode": "e0_caps_to_h3_minimal",
  "receipt": "S2_CAP_PROFILE_TO_H3_RECEIPT",
  "S2_CAP_PROFILE_TO_H3_RECEIPT": true,
  "passed": true,
  "axis_count": 64,
  "cap_count": 320,
  "object_count": 16,
  "softness": 0.25,
  "object_radius": 1.0,
  "fit_radius": 2.0,
  "max_cap_normal_unit_error": 3.552713678800501e-15,
  "cap_normal_checks_pass": true,
  "median_reconstruction_mse": 8.811129495571604e-34,
  "median_max_abs_error": 2.7755575615628914e-16,
  "median_shuffled_profile_mse": 0.13934898596185125,
  "median_s2_boundary_profile_mse": 0.33862974565899523,
  "h3_beats_shuffled": true,
  "h3_beats_s2_boundary": true,
  "sample_rows": [
    {
      "object_index": 0,
      "planted_point": [
        1.056391424317325,
        0.1391313385140099,
        0.30752335880935644,
        0.04510760247561347
      ],
      "fit": {
        "point": [
          1.056391424317325,
          0.1391313385140099,
          0.30752335880935644,
          0.04510760247561345
        ],
        "spatial": [
          0.1391313385140099,
          0.30752335880935644,
          0.04510760247561345
        ],
        "mean_squared_error": 4.718528363748728e-34,
        "max_abs_error": 2.220446049250313e-16,
        "nfev": 7,
        "restart_count": 24
      },
      "shuffled_profile_fit_mse": 0.030150554716955335,
      "best_s2_boundary_profile_mse": 0.4736386893891308
    },
    {
      "object_index": 1,
      "planted_point": [
        1.3699380487569348,
        -0.4971932153380537,
        0.2921056541512032,
        -0.7377014645957155
      ],
      "fit": {
        "point": [
          1.369938048756935,
          -0.49719321533805383,
          0.29210565415120326,
          -0.7377014645957156
        ],
        "spatial": [
          -0.49719321533805383,
          0.29210565415120326,
          -0.7377014645957156
        ],
        "mean_squared_error": 8.517425179052551e-33,
        "max_abs_error": 7.216449660063518e-16,
        "nfev": 8,
        "restart_count": 24
      },
      "shuffled_profile_fit_mse": 0.205082870370663,
      "best_s2_boundary_profile_mse": 0.27041961440412504
    },
    {
      "object_index": 2,
      "planted_point": [
        1.3986494021209572,
        -0.272540922794906,
        0.9057343710346989,
        0.24816696915945702
      ],
      "fit": {
        "point": [
          1.3986494021209575,
          -0.27254092279490605,
          0.9057343710346991,
          0.24816696915945707
        ],
        "spatial": [
          -0.27254092279490605,
          0.9057343710346991,
          0.24816696915945707
        ],
        "mean_squared_error": 9.432241902636488e-33,
        "max_abs_error": 7.771561172376096e-16,
        "nfev": 7,
        "restart_count": 24
      },
      "shuffled_profile_fit_mse": 0.22559862473561826,
      "best_s2_boundary_profile_mse": 0.27880770378913133
    },
    {
      "object_index": 3,
      "planted_point": [
        1.2303307791263738,
        0.44108488304405996,
        0.5515516609425318,
        0.12226494725493726
      ],
      "fit": {
        "point": [
          1.2303307791263738,
          0.44108488304405996,
          0.5515516609425318,
          0.12226494725493728
        ],
        "spatial": [
          0.44108488304405996,
          0.5515516609425318,
          0.12226494725493728
        ],
        "mean_squared_error": 1.1555579666323415e-34,
        "max_abs_error": 1.1102230246251565e-16,
        "nfev": 8,
        "restart_count": 24
      },
      "shuffled_profile_fit_mse": 0.14343447700406312,
      "best_s2_boundary_profile_mse": 0.327071197298166
    },
    {
      "object_index": 4,
      "planted_point": [
        1.2472425289236784,
        0.5194987969765658,
        0.5288555584150063,
        0.07776068562831435
      ],
      "fit": {
        "point": [
          1.2472425289236784,
          0.5194987969765658,
          0.5288555584150063,
          0.07776068562831435
        ],
        "spatial": [
          0.5194987969765658,
          0.5288555584150063,
          0.07776068562831435
        ],
        "mean_squared_error": 0.0,
        "max_abs_error": 0.0,
        "nfev": 9,
        "restart_count": 24
      },
      "shuffled_profile_fit_mse": 0.1499641678748179,
      "best_s2_boundary_profile_mse": 0.31939102105253947
    },
    {
      "object_index": 5,
      "planted_point": [
        1.197518344730153,
        -0.18162359234624068,
        -0.42417763846383544,
        0.47025140903110096
      ],
      "fit": {
        "point": [
          1.197518344730153,
          -0.18162359234624068,
          -0.4241776384638355,
          0.47025140903110096
        ],
        "spatial": [
          -0.18162359234624068,
          -0.4241776384638355,
          0.47025140903110096
        ],
        "mean_squared_error": 3.635192770030908e-33,
        "max_abs_error": 4.163336342344337e-16,
        "nfev": 8,
        "restart_count": 24
      },
      "shuffled_profile_fit_mse": 0.1193546531228673,
      "best_s2_boundary_profile_mse": 0.3625968186881396
    },
    {
      "object_index": 6,
      "planted_point": [
        1.2015664296178385,
        -0.5730741362498258,
        -0.03349472958658492,
        0.3379734046282302
      ],
      "fit": {
        "point": [
          1.2015664296178385,
          -0.5730741362498258,
          -0.03349472958658493,
          0.3379734046282302
        ],
        "spatial": [
          -0.5730741362498258,
          -0.03349472958658493,
          0.3379734046282302
        ],
        "mean_squared_error": 1.2518544638517033e-34,
        "max_abs_error": 1.6653345369377348e-16,
        "nfev": 6,
        "restart_count": 24
      },
      "shuffled_profile_fit_mse": 0.1240856032359187,
      "best_s2_boundary_profile_mse": 0.36141556639349076
    },
    {
      "object_index": 7,
      "planted_point": [
        1.3213674719989208,
        0.4981993161035645,
        0.6880695812380571,
        0.1561079397905322
      ],
      "fit": {
        "point": [
          1.3213674719989208,
          0.4981993161035645,
          0.6880695812380571,
          0.15610793979053222
        ],
        "spatial": [
          0.4981993161035645,
          0.6880695812380571,
          0.15610793979053222
        ],
        "mean_squared_error": 1.774262961266741e-33,
        "max_abs_error": 4.440892098500626e-16,
        "nfev": 9,
        "restart_count": 24
      },
      "shuffled_profile_fit_mse": 0.1863076870595469,
      "best_s2_boundary_profile_mse": 0.28343335864245867
    },
    {
      "object_index": 8,
      "planted_point": [
        1.3917974859605062,
        -0.78207956964258,
        -0.49279828575502244,
        0.28740500731645857
      ],
      "fit": {
        "point": [
          1.3917974859605062,
          -0.78207956964258,
          -0.49279828575502244,
          0.28740500731645857
        ],
        "spatial": [
          -0.78207956964258,
          -0.49279828575502244,
          0.28740500731645857
        ],
        "mean_squared_error": 0.0,
        "max_abs_error": 0.0,
        "nfev": 9,
        "restart_count": 24
      },
      "shuffled_profile_fit_mse": 0.22261702536927713,
      "best_s2_boundary_profile_mse": 0.26331054093269396
    },
    {
      "object_index": 9,
      "planted_point": [
        1.017722690302379,
        -0.009679521616666579,
        0.08952809289021711,
        0.16628440035380754
      ],
      "fit": {
        "point": [
          1.017722690302379,
          -0.009679521616666582,
          0.08952809289021711,
          0.16628440035380754
        ],
        "spatial": [
          -0.009679521616666582,
          0.08952809289021711,
          0.16628440035380754
        ],
        "mean_squared_error": 3.851859888774472e-35,
        "max_abs_error": 1.1102230246251565e-16,
        "nfev": 8,
        "restart_count": 24
      },
      "shuffled_profile_fit_mse": 0.010519282492080114,