{
  "wrong_1x_normalization": {
    "median": 1.2662271197581803,
    "mean": 1.2566078401842045,
    "p90": 1.3032671158196687,
    "count": 32
  },
  "wrong_pi_normalization": {
    "median": 1.2300157615042324,
    "mean": 1.2221703315438495,
    "p90": 1.2962937652859325,
    "count": 32
  },
  "wrong_4pi_normalization": {
    "median": 1.21581359460858,
    "mean": 1.1346798348815852,
    "p90": 1.291211435933423,
    "count": 32
  },
  "shuffled_observables": {
    "median": 1.2697079618393339,
    "mean": 1.2671835116442651,
    "p90": 1.3197436947814052,
    "count": 32
  },
  "no_modular_flow": {
    "median": 1.27027124094867,
    "mean": 1.2596227789168986,
    "p90": 1.3196458286214048,
    "count": 32
  }
}