{
  "median": 0.4434257872410458,
  "mean": 0.4269076951009064,
  "p90": 0.4643109303609347,
  "by_observable": {
    "cumulative_repair_load": {
      "median": 0.3948903486859106,
      "mean": 0.39492166103704673,
      "p90": 0.4291964242377362,
      "count": 16
    },
    "record_signature": {
      "median": 0.45599400578153476,
      "mean": 0.45889372916476606,
      "p90": 0.47629569893684176,
      "count": 16
    }
  },
  "by_cap_size": {
    "0.350000": {
      "median": 0.4091942589800607,
      "mean": 0.41371883620846467,
      "p90": 0.4681990610993828,
      "count": 8
    },
    "0.550000": {
      "median": 0.42091344457615987,
      "mean": 0.4223242296800864,
      "p90": 0.4653506775955008,
      "count": 8
    },
    "0.750000": {
      "median": 0.4468738034393406,
      "mean": 0.4404600378574135,
      "p90": 0.4658846965861213,
      "count": 8
    },
    "1.000000": {
      "median": 0.4389149215552774,
      "mean": 0.43112767665766105,
      "p90": 0.4607441751051705,
      "count": 8
    }
  },
  "rows": [
    {
      "mode": "transport",
      "observable": "record_signature",
      "cap_index": 0,
      "theta0": "0.350000",
      "time": 0.0625,
      "target_scale": 6.283185307179586,
      "sim_scale": 6.283185307179586,
      "weight_measure": "cell_entropy_capacity",
      "cap_area_planck": 3935.963373844136,
      "cap_entropy_capacity": 983.990843461034,
      "residual": 0.45450465815802243
    },
    {
      "mode": "transport",
      "observable": "cumulative_repair_load",
      "cap_index": 0,
      "theta0": "0.350000",
      "time": 0.0625,
      "target_scale": 6.283185307179586,
      "sim_scale": 6.283185307179586,
      "weight_measure": "cell_entropy_capacity",
      "cap_area_planck": 3935.963373844136,
      "cap_entropy_capacity": 983.990843461034,
      "residual": 0.3699996673888225
    },
    {
      "mode": "transport",
      "observable": "record_signature",
      "cap_index": 0,
      "theta0": "0.350000",
      "time": 0.125,
      "target_scale": 6.283185307179586,
      "sim_scale": 6.283185307179586,
      "weight_measure": "cell_entropy_capacity",
      "cap_area_planck": 3935.963373844136,
      "cap_entropy_capacity": 983.990843461034,
      "residual": 0.4474335508467778
    },
    {
      "mode": "transport",
      "observable": "cumulative_repair_load",
      "cap_index": 0,
      "theta0": "0.350000",
      "time": 0.125,
      "target_scale": 6.283185307179586,
      "sim_scale": 6.283185307179586,
      "weight_measure": "cell_entropy_capacity",
      "cap_area_planck": 3935.963373844136,
      "cap_entropy_capacity": 983.990843461034,
      "residual": 0.36633729470723125
    },
    {
      "mode": "transport",
      "observable": "record_signature",
      "cap_index": 0,
      "theta0": "0.350000",
      "time": 0.25,
      "target_scale": 6.283185307179586,
      "sim_scale": 6.283185307179586,
      "weight_measure": "cell_entropy_capacity",
      "cap_area_planck": 3935.963373844136,
      "cap_entropy_capacity": 983.990843461034,
      "residual": 0.44705386841797085
    },
    {
      "mode": "transport",
      "observable": "cumulative_repair_load",
      "cap_index": 0,
      "theta0": "0.350000",
      "time": 0.25,
      "target_scale": 6.283185307179586,
      "sim_scale": 6.283185307179586,
      "weight_measure": "cell_entropy_capacity",
      "cap_area_planck": 3935.963373844136,
      "cap_entropy_capacity": 983.990843461034,
      "residual": 0.3529343326441849
    },
    {
      "mode": "transport",
      "observable": "record_signature",
      "cap_index": 0,
      "theta0": "0.350000",
      "time": 0.5,
      "target_scale": 6.283185307179586,
      "sim_scale": 6.283185307179586,
      "weight_measure": "cell_entropy_capacity",
      "cap_area_planck": 3935.963373844136,
      "cap_entropy_capacity": 983.990843461034,
      "residual": 0.500152667962557
    },
    {
      "mode": "transport",
      "observable": "cumulative_repair_load",
      "cap_index": 0,
      "theta0": "0.350000",
      "time": 0.5,
      "target_scale": 6.283185307179586,
      "sim_scale": 6.283185307179586,
      "weight_measure": "cell_entropy_capacity",
      "cap_area_planck": 3935.963373844136,
      "cap_entropy_capacity": 983.990843461034,
      "residual": 0.37133464954215056
    },
    {
      "mode": "transport",
      "observable": "record_signature",
      "cap_index": 1,
      "theta0": "0.550000",
      "time": 0.0625,
      "target_scale": 6.283185307179586,
      "sim_scale": 6.283185307179586,
      "weight_measure": "cell_entropy_capacity",
      "cap_area_planck": 8018.023570544923,
      "cap_entropy_capacity": 2004.5058926362308,
      "residual": 0.4477662185200771
    },
    {
      "mode": "transport",
      "observable": "cumulative_repair_load",
      "cap_index": 1,
      "theta0": "0.550000",
      "time": 0.0625,
      "target_scale": 6.283185307179586,
      "sim_scale": 6.283185307179586,
      "weight_measure": "cell_entropy_capacity",
      "cap_area_planck": 8018.023570544923,
      "cap_entropy_capacity": 2004.5058926362308,
      "residual": 0.39257738887836513
    },
    {
      "mode": "transport",
      "observable": "record_signature",
      "cap_index": 1,
      "theta0": "0.550000",
      "time": 0.125,
      "target_scale": 6.283185307179586,
      "sim_scale": 6.283185307179586,
      "weight_measure": "cell_entropy_capacity",
      "cap_area_planck": 8018.023570544923,
      "cap_entropy_capacity": 2004.5058926362308,
      "residual": 0.450475698392527
    },
    {
      "mode": "transport",
      "observable": "cumulative_repair_load",
      "cap_index": 1,
      "theta0": "0.550000",
      "time": 0.125,
      "target_scale": 6.283185307179586,
      "sim_scale": 6.283185307179586,
      "weight_measure": "cell_entropy_capacity",
      "cap_area_planck": 8018.023570544923,
      "cap_entropy_capacity": 2004.5058926362308,
      "residual": 0.3940606706322426
    },
    {
      "mode": "transport",
      "observable": "record_signature",
      "cap_index": 1,
      "theta0": "0.550000",
      "time": 0.25,
      "target_scale": 6.283185307179586,
      "sim_scale": 6.283185307179586,
      "weight_measure": "cell_entropy_capacity",
      "cap_area_planck": 8018.023570544923,
      "cap_entropy_capacity": 2004.5058926362308,
      "residual": 0.4646604993193375
    },
    {
      "mode": "transport",
      "observable": "cumulative_repair_load",
      "cap_index": 1,
      "theta0": "0.550000",
      "time": 0.25,
      "target_scale": 6.283185307179586,
      "sim_scale": 6.283185307179586,
      "weight_measure": "cell_entropy_capacity",
      "cap_area_planck": 8018.023570544923,
      "cap_entropy_capacity": 2004.5058926362308,
      "residual": 0.3897435191435963
    },
    {
      "mode": "transport",
      "observable": "record_signature",
      "cap_index": 1,
      "theta0": "0.550000",
      "time": 0.5,
      "target_scale": 6.283185307179586,
      "sim_scale": 6.283185307179586,
      "weight_measure": "cell_entropy_capacity",
      "cap_area_planck": 8018.023570544923,
      "cap_entropy_capacity": 2004.5058926362308,
      "residual": 0.46696109357321525
    },
    {
      "mode": "transport",
      "observable": "cumulative_repair_load",
      "cap_index": 1,
      "theta0": "0.550000",
      "time": 0.5,
      "target_scale": 6.283185307179586,
      "sim_scale": 6.283185307179586,
      "weight_measure": "cell_entropy_capacity",
      "cap_area_planck": 8018.023570544923,
      "cap_entropy_capacity": 2004.5058926362308,
      "residual": 0.3723487489813302
    },
    {
      "mode": "transport",
      "observable": "record_signature",
      "cap_index": 2,
      "theta0": "0.750000",
      "time": 0.0625,
      "target_scale": 6.283185307179586,
      "sim_scale": 6.283185307179586,
      "weight_measure": "cell_entropy_capacity",
      "cap_area_planck": 14351.992586571672,