{
  "freezeout_cl_proxy": {
    "freezeout_cycle": 106,
    "committed_fraction": 0.961395263671875,
    "ell_max": 32,
    "pair_samples": 50000,
    "output_profile": "compact",
    "freezeout_npz_written": true,
    "cl_csv_written": false,
    "fields": {
      "record_signature": {
        "peak_ell": 32,
        "peak_D_ell": 0.035529940203444965,
        "low_ell_power_2_10": 0.001845414534134061,
        "control_comparison": {
          "control_count": 2,
          "min_relative_l2_delta": 0.17519700367753344,
          "max_shape_correlation": 0.9639390276236719,
          "by_control": {
            "shuffled_field": {
              "relative_l2_delta": 0.17519700367753344,
              "target_to_control_abs_power_ratio": 1.0493309449766188,
              "shape_correlation": 0.9639390276236719
            },
            "random_gaussian": {
              "relative_l2_delta": 0.2869445005826921,
              "target_to_control_abs_power_ratio": 1.071960911435815,
              "shape_correlation": 0.8989381759465025
            }
          }
        }
      },
      "stable_count": {
        "peak_ell": 31,
        "peak_D_ell": 0.05566154148474464,
        "low_ell_power_2_10": 0.002039341964390513,
        "control_comparison": {
          "control_count": 2,
          "min_relative_l2_delta": 0.2795844540436186,
          "max_shape_correlation": 0.9674038154772319,
          "by_control": {
            "shuffled_field": {
              "relative_l2_delta": 0.4404511277627383,
              "target_to_control_abs_power_ratio": 1.5750942675732988,
              "shape_correlation": 0.8950152040139955
            },
            "random_gaussian": {
              "relative_l2_delta": 0.2795844540436186,
              "target_to_control_abs_power_ratio": 1.32586257908044,
              "shape_correlation": 0.9674038154772319
            }
          }
        }
      },
      "cumulative_repair_load": {
        "peak_ell": 31,
        "peak_D_ell": 0.06789305434070639,
        "low_ell_power_2_10": 0.002320779709550806,
        "control_comparison": {
          "control_count": 2,
          "min_relative_l2_delta": 0.5347099481561584,
          "max_shape_correlation": 0.9258204511500162,
          "by_control": {
            "shuffled_field": {
              "relative_l2_delta": 0.5347099481561584,
              "target_to_control_abs_power_ratio": 1.9791823726156368,
              "shape_correlation": 0.9224139949527741
            },
            "random_gaussian": {
              "relative_l2_delta": 0.538459620534794,
              "target_to_control_abs_power_ratio": 1.9970746540306008,
              "shape_correlation": 0.9258204511500162
            }
          }
        }
      },
      "repair_load": {
        "peak_ell": 2,
        "peak_D_ell": 0.0,
        "low_ell_power_2_10": 0.0,
        "control_comparison": {
          "control_count": 2,
          "min_relative_l2_delta": 0.0,
          "max_shape_correlation": 0.0,
          "by_control": {
            "shuffled_field": {
              "relative_l2_delta": 0.0,
              "target_to_control_abs_power_ratio": 0.0,
              "shape_correlation": 0.0
            },
            "random_gaussian": {
              "relative_l2_delta": 90798917917.6423,
              "target_to_control_abs_power_ratio": 0.0,
              "shape_correlation": 0.0
            }
          }
        }
      },
      "local_mismatch_density": {
        "peak_ell": 2,
        "peak_D_ell": 0.0,
        "low_ell_power_2_10": 0.0,
        "control_comparison": {
          "control_count": 2,
          "min_relative_l2_delta": 0.0,
          "max_shape_correlation": 0.0,
          "by_control": {
            "shuffled_field": {
              "relative_l2_delta": 0.0,
              "target_to_control_abs_power_ratio": 0.0,
              "shape_correlation": 0.0
            },
            "random_gaussian": {
              "relative_l2_delta": 83091713699.6738,
              "target_to_control_abs_power_ratio": 0.0,
              "shape_correlation": 0.0
            }
          }
        }
      },
      "s3_class_density": {
        "peak_ell": 2,
        "peak_D_ell": 0.0,
        "low_ell_power_2_10": 0.0,
        "control_comparison": {
          "control_count": 2,
          "min_relative_l2_delta": 0.0,
          "max_shape_correlation": 0.0,
          "by_control": {
            "shuffled_field": {
              "relative_l2_delta": 0.0,
              "target_to_control_abs_power_ratio": 0.0,
              "shape_correlation": 0.0
            },
            "random_gaussian": {
              "relative_l2_delta": 88393862834.04086,
              "target_to_control_abs_power_ratio": 0.0,
              "shape_correlation": 0.0
            }
          }
        }
      },
      "record_signature_smooth_k16": {
        "peak_ell": 32,
        "peak_D_ell": 0.6924152808881431,
        "low_ell_power_2_10": 0.06007215185018146,
        "control_comparison": {
          "control_count": 2,
          "min_relative_l2_delta": 0.9574881930957645,
          "max_shape_correlation": 0.9200971818118624,
          "by_control": {
            "shuffled_field": {
              "relative_l2_delta": 0.9574881930957645,
              "target_to_control_abs_power_ratio": 24.25228571791682,
              "shape_correlation": 0.9133517411072763
            },
            "random_gaussian": {
              "relative_l2_delta": 0.9602235360259355,
              "target_to_control_abs_power_ratio": 25.855457575630286,
              "shape_correlation": 0.9200971818118624
            }
          }
        }
      },
      "record_signature_smooth_k32": {
        "peak_ell": 24,
        "peak_D_ell": 0.873035033251167,
        "low_ell_power_2_10": 0.16315342413889194,
        "control_comparison": {
          "control_count": 2,
          "min_relative_l2_delta": 0.9727804764456257,
          "max_shape_correlation": 0.7462753445848712,
          "by_control": {
            "shuffled_field": {
              "relative_l2_delta": 0.9727804764456257,
              "target_to_control_abs_power_ratio": 37.810828649916424,
              "shape_correlation": 0.7131844970191539
            },
            "random_gaussian": {
              "relative_l2_delta": 0.9751753578384024,
              "target_to_control_abs_power_ratio": 41.761290329388544,
              "shape_correlation": 0.7462753445848712
            }
          }
        }
      },
      "record_repair_mix": {
        "peak_ell": 31,
        "peak_D_ell": 0.03875956402818784,
        "low_ell_power_2_10": 0.0017387695999908405,
        "control_comparison": {
          "control_count": 2,
          "min_relative_l2_delta": 0.2259901722117586,
          "max_shape_correlation": 0.9436744001846562,
          "by_control": {
            "shuffled_field": {
              "relative_l2_delta": 0.2874710376046035,
              "target_to_control_abs_power_ratio": 1.0799208062635586,
              "shape_correlation": 0.9050866353436064
            },
            "random_gaussian": {
              "relative_l2_delta": 0.2259901722117586,
              "target_to_control_abs_power_ratio": 1.0760183857837478,
              "shape_correlation": 0.9436744001846562
            }
          }
        }
      },
      "record_sector_mix": {
        "peak_ell": 32,
        "peak_D_ell": 0.035529940203444965,
        "low_ell_power_2_10": 0.001845414534134061,
        "control_comparison": {
          "control_count": 2,
          "min_relative_l2_delta": 0.20816935258203562,
          "max_shape_correlation": 0.9489129054677362,
          "by_control": {
            "shuffled_field": {
              "relative_l2_delta": 0.23934512008705944,
              "target_to_control_abs_power_ratio": 1.0314857122738739,
              "shape_correlation": 0.9384007728681568
            },
            "random_gaussian": {
              "relative_l2_delta": 0.20816935258203562,