{
  "record_signature": {
    "min": -1.7323404927310766,
    "mean": 4.119968255444917e-17,
    "max": 1.7246414637208027,
    "std": 1.0
  },
  "stable_count": {
    "min": -1.1204976069447483,
    "mean": -2.168404344971009e-18,
    "max": 7.2692132336097215,
    "std": 0.9999999999999999
  },
  "committed_mask": {
    "min": 1.0,
    "mean": 1.0,
    "max": 1.0,
    "std": 0.0
  },
  "repair_load": {
    "min": 0.0,
    "mean": 0.0,
    "max": 0.0,
    "std": 0.0
  },
  "cumulative_repair_load": {
    "min": -4.40863116579267,
    "mean": 2.2985086056692694e-17,
    "max": 3.8426833108673457,
    "std": 1.0
  },
  "local_mismatch_density": {
    "min": 0.0,
    "mean": 0.0,
    "max": 0.0,
    "std": 0.0
  },
  "modular_depth": {
    "min": -2.660447488763582,
    "mean": 3.7730235602495554e-17,
    "max": 2.664746922066355,
    "std": 1.0
  },
  "modular_time": {
    "min": -2.4558707898167587,
    "mean": 4.1089995175911526e-14,
    "max": 2.4560963183105446,
    "std": 0.9999999999999999
  },
  "s3_class_density": {
    "min": 0.0,
    "mean": 0.0,
    "max": 0.0,
    "std": 0.0
  },
  "s3_sector_class": {
    "min": 0.0,
    "mean": 0.0,
    "max": 0.0,
    "std": 0.0
  }
}