{
  "wrong_1x_normalization": {
    "median": 1.2629784311478072,
    "mean": 1.2571623926948856,
    "p90": 1.2987694876927842,
    "count": 32
  },
  "wrong_pi_normalization": {
    "median": 1.2478535009651361,
    "mean": 1.2400327953582102,
    "p90": 1.3017760305402981,
    "count": 32
  },
  "wrong_4pi_normalization": {
    "median": 1.2313475141222854,
    "mean": 1.1725448459177783,
    "p90": 1.3304264198829763,
    "count": 32
  },
  "shuffled_observables": {
    "median": 1.27001611656051,
    "mean": 1.272620023909939,
    "p90": 1.3159684205644229,
    "count": 32
  },
  "no_modular_flow": {
    "median": 1.26149553294597,
    "mean": 1.257713664084769,
    "p90": 1.3084384691183037,
    "count": 32
  }
}