{
  "median": 0.42817711244598344,
  "mean": 0.4232524266446474,
  "p90": 0.4688704735731133,
  "by_observable": {
    "cumulative_repair_load": {
      "median": 0.37681938934620945,
      "mean": 0.37796234963824,
      "p90": 0.3915244440071374,
      "count": 16
    },
    "record_signature": {
      "median": 0.4585913073784803,
      "mean": 0.4685425036510549,
      "p90": 0.4795960401437116,
      "count": 16
    }
  },
  "by_cap_size": {
    "0.350000": {
      "median": 0.43329196321675734,
      "mean": 0.436141605273889,
      "p90": 0.5126509444710048,
      "count": 8
    },
    "0.550000": {
      "median": 0.41566956718544934,
      "mean": 0.4156535364269175,
      "p90": 0.4614802058290137,
      "count": 8
    },
    "0.750000": {
      "median": 0.42732259184161864,
      "mean": 0.42342782331295803,
      "p90": 0.4594881976463309,
      "count": 8
    },
    "1.000000": {
      "median": 0.41686465705737785,
      "mean": 0.4177867415648251,
      "p90": 0.4597415650113173,
      "count": 8
    }
  },
  "rows": [
    {
      "mode": "transport",
      "observable": "record_signature",
      "cap_index": 0,
      "theta0": "0.350000",
      "time": 0.0625,
      "target_scale": 6.283185307179586,
      "sim_scale": 6.283185307179586,
      "weight_measure": "cell_entropy_capacity",
      "cap_area_planck": 7434.175124290396,
      "cap_entropy_capacity": 1858.543781072599,
      "residual": 0.4631801819787767
    },
    {
      "mode": "transport",
      "observable": "cumulative_repair_load",
      "cap_index": 0,
      "theta0": "0.350000",
      "time": 0.0625,
      "target_scale": 6.283185307179586,
      "sim_scale": 6.283185307179586,
      "weight_measure": "cell_entropy_capacity",
      "cap_area_planck": 7434.175124290396,
      "cap_entropy_capacity": 1858.543781072599,
      "residual": 0.3699452612614034
    },
    {
      "mode": "transport",
      "observable": "record_signature",
      "cap_index": 0,
      "theta0": "0.350000",
      "time": 0.125,
      "target_scale": 6.283185307179586,
      "sim_scale": 6.283185307179586,
      "weight_measure": "cell_entropy_capacity",
      "cap_area_planck": 7434.175124290396,
      "cap_entropy_capacity": 1858.543781072599,
      "residual": 0.4691464539086444
    },
    {
      "mode": "transport",
      "observable": "cumulative_repair_load",
      "cap_index": 0,
      "theta0": "0.350000",
      "time": 0.125,
      "target_scale": 6.283185307179586,
      "sim_scale": 6.283185307179586,
      "weight_measure": "cell_entropy_capacity",
      "cap_area_planck": 7434.175124290396,
      "cap_entropy_capacity": 1858.543781072599,
      "residual": 0.3649408227359828
    },
    {
      "mode": "transport",
      "observable": "record_signature",
      "cap_index": 0,
      "theta0": "0.350000",
      "time": 0.25,
      "target_scale": 6.283185307179586,
      "sim_scale": 6.283185307179586,
      "weight_measure": "cell_entropy_capacity",
      "cap_area_planck": 7434.175124290396,
      "cap_entropy_capacity": 1858.543781072599,
      "residual": 0.48876880147236196
    },
    {
      "mode": "transport",
      "observable": "cumulative_repair_load",
      "cap_index": 0,
      "theta0": "0.350000",
      "time": 0.25,
      "target_scale": 6.283185307179586,
      "sim_scale": 6.283185307179586,
      "weight_measure": "cell_entropy_capacity",
      "cap_area_planck": 7434.175124290396,
      "cap_entropy_capacity": 1858.543781072599,
      "residual": 0.3613716315780333
    },
    {
      "mode": "transport",
      "observable": "record_signature",
      "cap_index": 0,
      "theta0": "0.350000",
      "time": 0.5,
      "target_scale": 6.283185307179586,
      "sim_scale": 6.283185307179586,
      "weight_measure": "cell_entropy_capacity",
      "cap_area_planck": 7434.175124290396,
      "cap_entropy_capacity": 1858.543781072599,
      "residual": 0.5683759448011714
    },
    {
      "mode": "transport",
      "observable": "cumulative_repair_load",
      "cap_index": 0,
      "theta0": "0.350000",
      "time": 0.5,
      "target_scale": 6.283185307179586,
      "sim_scale": 6.283185307179586,
      "weight_measure": "cell_entropy_capacity",
      "cap_area_planck": 7434.175124290396,
      "cap_entropy_capacity": 1858.543781072599,
      "residual": 0.40340374445473803
    },
    {
      "mode": "transport",
      "observable": "record_signature",
      "cap_index": 1,
      "theta0": "0.550000",
      "time": 0.0625,
      "target_scale": 6.283185307179586,
      "sim_scale": 6.283185307179586,
      "weight_measure": "cell_entropy_capacity",
      "cap_area_planck": 15895.97415768359,
      "cap_entropy_capacity": 3973.9935394208974,
      "residual": 0.4566496417998944
    },
    {
      "mode": "transport",
      "observable": "cumulative_repair_load",
      "cap_index": 1,
      "theta0": "0.550000",
      "time": 0.0625,
      "target_scale": 6.283185307179586,
      "sim_scale": 6.283185307179586,
      "weight_measure": "cell_entropy_capacity",
      "cap_area_planck": 15895.97415768359,
      "cap_entropy_capacity": 3973.9935394208974,
      "residual": 0.3745404568518023
    },
    {
      "mode": "transport",
      "observable": "record_signature",
      "cap_index": 1,
      "theta0": "0.550000",
      "time": 0.125,
      "target_scale": 6.283185307179586,
      "sim_scale": 6.283185307179586,
      "weight_measure": "cell_entropy_capacity",
      "cap_area_planck": 15895.97415768359,
      "cap_entropy_capacity": 3973.9935394208974,
      "residual": 0.4576474602635648
    },
    {
      "mode": "transport",
      "observable": "cumulative_repair_load",
      "cap_index": 1,
      "theta0": "0.550000",
      "time": 0.125,
      "target_scale": 6.283185307179586,
      "sim_scale": 6.283185307179586,
      "weight_measure": "cell_entropy_capacity",
      "cap_area_planck": 15895.97415768359,
      "cap_entropy_capacity": 3973.9935394208974,
      "residual": 0.37692317994608127
    },
    {
      "mode": "transport",
      "observable": "record_signature",
      "cap_index": 1,
      "theta0": "0.550000",
      "time": 0.25,
      "target_scale": 6.283185307179586,
      "sim_scale": 6.283185307179586,
      "weight_measure": "cell_entropy_capacity",
      "cap_area_planck": 15895.97415768359,
      "cap_entropy_capacity": 3973.9935394208974,
      "residual": 0.45441595442481747
    },
    {
      "mode": "transport",
      "observable": "cumulative_repair_load",
      "cap_index": 1,
      "theta0": "0.550000",
      "time": 0.25,
      "target_scale": 6.283185307179586,
      "sim_scale": 6.283185307179586,
      "weight_measure": "cell_entropy_capacity",
      "cap_area_planck": 15895.97415768359,
      "cap_entropy_capacity": 3973.9935394208974,
      "residual": 0.37054979960824114
    },
    {
      "mode": "transport",
      "observable": "record_signature",
      "cap_index": 1,
      "theta0": "0.550000",
      "time": 0.5,
      "target_scale": 6.283185307179586,
      "sim_scale": 6.283185307179586,
      "weight_measure": "cell_entropy_capacity",
      "cap_area_planck": 15895.97415768359,
      "cap_entropy_capacity": 3973.9935394208974,
      "residual": 0.47042327881506124
    },
    {
      "mode": "transport",
      "observable": "cumulative_repair_load",
      "cap_index": 1,
      "theta0": "0.550000",
      "time": 0.5,
      "target_scale": 6.283185307179586,
      "sim_scale": 6.283185307179586,
      "weight_measure": "cell_entropy_capacity",
      "cap_area_planck": 15895.97415768359,
      "cap_entropy_capacity": 3973.9935394208974,
      "residual": 0.36407851970587707
    },
    {
      "mode": "transport",
      "observable": "record_signature",
      "cap_index": 2,
      "theta0": "0.750000",
      "time": 0.0625,
      "target_scale": 6.283185307179586,
      "sim_scale": 6.283185307179586,
      "weight_measure": "cell_entropy_capacity",
      "cap_area_planck": 28686.675539713797,