{
  "record_signature": {
    "min": -1.7332512180579944,
    "mean": 3.621235256101585e-17,
    "max": 1.7302529561981908,
    "std": 1.0
  },
  "stable_count": {
    "min": -1.079757522318544,
    "mean": -1.2576745200831851e-17,
    "max": 7.611747007608048,
    "std": 1.0
  },
  "committed_mask": {
    "min": 1.0,
    "mean": 1.0,
    "max": 1.0,
    "std": 0.0
  },
  "repair_load": {
    "min": 0.0,
    "mean": 0.0,
    "max": 0.0,
    "std": 0.0
  },
  "cumulative_repair_load": {
    "min": -4.384539636975476,
    "mean": 3.469446951953614e-18,
    "max": 4.493440125078167,
    "std": 1.0
  },
  "local_mismatch_density": {
    "min": 0.0,
    "mean": 0.0,
    "max": 0.0,
    "std": 0.0
  },
  "modular_depth": {
    "min": -2.711781839880666,
    "mean": 5.795060611935021e-17,
    "max": 2.873901913116938,
    "std": 1.0
  },
  "modular_time": {
    "min": -2.4561416117926385,
    "mean": 2.7299318777491543e-14,
    "max": 2.4562343838717253,
    "std": 1.0
  },
  "s3_class_density": {
    "min": 0.0,
    "mean": 0.0,
    "max": 0.0,
    "std": 0.0
  },
  "s3_sector_class": {
    "min": 0.0,
    "mean": 0.0,
    "max": 0.0,
    "std": 0.0
  }
}