H0,Omega_m,S_8,case,chi2,sigma_8
67.4,0.315905207,0.8289240425,OPH compressed point,11.4633,0.807787208
67.4,0.309,0.8216373463,"Best grid point, H0 fixed",9.5504,0.809583333
68.519973,0.3090205,0.8214350999,Free compressed best,6.2852,0.809357206
