{
  "mode": "oph_finite_repair_transition_clock_v0",
  "source_run_dir": "runs/stage266_256k_particles_packet_visibility_20260609_dev/e4_shared_observer_bulk_256k_particles_seed20261049_10e1981b",
  "observer_views_path": "runs/stage266_256k_particles_packet_visibility_20260609_dev/e4_shared_observer_bulk_256k_particles_seed20261049_10e1981b/observer_views.jsonl",
  "packet_fields": [
    "checkpoint_class",
    "stable_flag",
    "s3_sector_class",
    "repair_load_bucket"
  ],
  "primary_matrix": "reversible_empirical",
  "repair_step_time": 50.26548245743669,
  "weight_field": "transition_history_mean_modal_mass",
  "observer_count": 1028,
  "transition_count": 3072,
  "skipped_observer_count": 4,
  "state_count": 2,
  "state_labels": [
    "[[\"checkpoint_class\", 1], [\"stable_flag\", 1], [\"s3_sector_class\", 1], [\"repair_load_bucket\", 0]]",
    "[[\"checkpoint_class\", 3], [\"stable_flag\", 1], [\"s3_sector_class\", 1], [\"repair_load_bucket\", 0]]"
  ],
  "target": {
    "required_kappa_rep": 2.718281828459045,
    "required_eta_R": 0.0351588569692228,
    "required_n_s": 0.9648411430307772,
    "P": 1.6309682094039593,
    "phi": 1.618033988749895,
    "delta_P": 0.012934220654064355
  },
  "matrices": {
    "raw_empirical": {
      "finite": true,
      "irreducible": false,
      "aperiodic": false,
      "row_sum_max_abs_error": 1.1102230246251565e-16,
      "lambda_2": 0.6666666666666665,
      "gamma_continuous": 0.008066472025838016,
      "gamma_discrete_one_minus_lambda2": 0.3333333333333335,
      "kappa_rep_estimate": 0.6236535034913965,
      "eta_R_estimate": 0.008066472025838016,
      "n_s_estimate": 0.991933527974162,
      "required_repair_step_time_for_kappa_e": 11.532374572446958,
      "stationary_min": 0.0,
      "stationary_max": 1.0,
      "detailed_balance_max_abs_error": 0.0,
      "top_abs_eigenvalues": [
        1.0,
        0.6666666666666665
      ]
    },
    "reversible_empirical": {
      "finite": true,
      "irreducible": true,
      "aperiodic": true,
      "row_sum_max_abs_error": 0.0,
      "lambda_2": 0.20000000000000004,
      "gamma_continuous": 0.03201874992042351,
      "gamma_discrete_one_minus_lambda2": 0.7999999999999999,
      "kappa_rep_estimate": 2.4755067024747386,
      "eta_R_estimate": 0.03201874992042351,
      "n_s_estimate": 0.9679812500795765,
      "required_repair_step_time_for_kappa_e": 45.776172810252696,
      "stationary_min": 0.16666666666666669,
      "stationary_max": 0.8333333333333333,
      "detailed_balance_max_abs_error": 0.0,
      "top_abs_eigenvalues": [
        1.0,
        0.20000000000000004
      ]
    }
  },
  "primary": {
    "finite": true,
    "irreducible": true,
    "aperiodic": true,
    "row_sum_max_abs_error": 0.0,
    "lambda_2": 0.20000000000000004,
    "gamma_continuous": 0.03201874992042351,
    "gamma_discrete_one_minus_lambda2": 0.7999999999999999,
    "kappa_rep_estimate": 2.4755067024747386,
    "eta_R_estimate": 0.03201874992042351,
    "n_s_estimate": 0.9679812500795765,
    "required_repair_step_time_for_kappa_e": 45.776172810252696,
    "stationary_min": 0.16666666666666669,
    "stationary_max": 0.8333333333333333,
    "detailed_balance_max_abs_error": 0.0,
    "top_abs_eigenvalues": [
      1.0,
      0.20000000000000004
    ]
  },
  "clock_normalization_candidates": [
    {
      "name": "record_commit_cycles_times_2pi",
      "value": 50.26548245743669,
      "relative_error_to_required": 0.09807088211137002,
      "description": "KMS 2pi times record commit horizon"
    },
    {
      "name": "cycles_times_bw_modular_time",
      "value": 40.21238596594935,
      "relative_error_to_required": 0.12154329431090398,
      "description": "simulation cycles times BW modular parameter s=2pi*t"
    },
    {
      "name": "history_window_times_2pi",
      "value": 25.132741228718345,
      "relative_error_to_required": 0.450964558944315,
      "description": "KMS 2pi times observer history window"
    },
    {
      "name": "commit_times_history_times_bw_modular_time",
      "value": 20.106192982974676,
      "relative_error_to_required": 0.560771647155452,
      "description": "record commit horizon times history window times BW modular parameter"
    },
    {
      "name": "record_commit_cycles",
      "value": 8.0,
      "relative_error_to_required": 0.8252365912466976,
      "description": "record commit horizon in cycles"
    },
    {
      "name": "history_window",
      "value": 4.0,
      "relative_error_to_required": 0.9126182956233488,
      "description": "observer transition-history window"
    },
    {
      "name": "unit_step",
      "value": 1.0,
      "relative_error_to_required": 0.9781545739058372,
      "description": "one simulator transition-history step"
    }
  ],
  "relative_error_to_kappa_e": 0.0893119776774332,
  "finite_transition_matrix_ready": true,
  "finite_lattice_derived": true,
  "clock_normalization_certified": false,
  "repair_clock_certificate": false,
  "eta_R_finite_lattice_derived": false,
  "physical_cmb_prediction": false,
  "blockers": [
    "finite transition matrix does not yield kappa_rep=e under the declared repair-step time"
  ],
  "claim_boundary": "Finite observer-visible transition-matrix clock diagnostic. Packet paths are read from observer_views.jsonl and projected to a declared support-visible quotient alphabet. The report is finite-lattice-derived as a transition-matrix diagnostic, but it certifies the exact CMB repair clock only if the primary matrix yields kappa_rep=e under a predeclared repair-step time."
}