matrix,lambda_2,gamma_continuous,kappa_rep_estimate,eta_R_estimate,required_repair_step_time_for_kappa_e,detailed_balance_max_abs_error
raw_empirical,0.6666666666666665,0.008066472025838016,0.6236535034913965,0.008066472025838016,11.532374572446958,0.0
reversible_empirical,0.20000000000000004,0.03201874992042351,2.4755067024747386,0.03201874992042351,45.776172810252696,0.0
