{
  "mode": "oph_cnb_neutrino_background_v0",
  "source_files": {
    "source_dir": "/Users/muellerberndt/Projects/oph-meta/cosmology/correspondence/neutrinos",
    "files": {
      "neutrinos-1.md": {
        "path": "/Users/muellerberndt/Projects/oph-meta/cosmology/correspondence/neutrinos/neutrinos-1.md",
        "present": true,
        "byte_size": 12129,
        "sha256": "e7c064256b964c76bcfc6a7a0ace188e5d848b5f3e510b57c75feffe134dc9d5"
      },
      "neutrinos2.md": {
        "path": "/Users/muellerberndt/Projects/oph-meta/cosmology/correspondence/neutrinos/neutrinos2.md",
        "present": true,
        "byte_size": 6835,
        "sha256": "05fb73b88b69d0bcea7c6a0452720e6a2d86092e12cc65e6a4493e176bf55594"
      },
      "neutrino3.md": {
        "path": "/Users/muellerberndt/Projects/oph-meta/cosmology/correspondence/neutrinos/neutrino3.md",
        "present": true,
        "byte_size": 0,
        "sha256": "e3b0c44298fc1c149afbf4c8996fb92427ae41e4649b934ca495991b7852b855"
      }
    },
    "all_expected_files_present": true,
    "empty_files": [
      "neutrino3.md"
    ]
  },
  "inputs": {
    "P": 1.6309682094039593,
    "h_reference": 0.674,
    "Omega_m_reference": 0.3155,
    "Delta_N_eff_coh": 0.0,
    "S8_cdm_branch": 0.828924043,
    "weak_lensing_S8_target": 0.79
  },
  "oph_neutrino_branch": {
    "mass_ordering": "normal",
    "masses_eV": [
      0.017454720257976796,
      0.019481987935919015,
      0.05307522145074924
    ],
    "sum_mnu_eV": 0.09001192964464505,
    "delta_m21_squared_eV2": 7.48805946510685e-05,
    "delta_m31_squared_eV2": 0.0025123118727618473,
    "m_lightest_eV": 0.017454720257976796,
    "m_beta_proxy_eV": 0.01956,
    "finite_lattice_derived": false,
    "source": "OPH weighted-cycle absolute neutrino target from local cosmology notes"
  },
  "relic_background": {
    "N_eff": 3.044,
    "baseline_N_eff": 3.044,
    "Delta_N_eff_coh": 0.0,
    "T_nu0_K": 1.945,
    "number_density_total_cm3": 339.5,
    "Omega_nu_h2": 0.0009666229558058961,
    "Omega_nu": 0.0021278318815123316,
    "f_nu": 0.006744316581655568,
    "small_scale_power_suppression_fraction": -0.05395453265324454,
    "growth_exponent_deformation": 0.9959534100510067
  },
  "free_streaming": [
    {
      "state": "nu_1",
      "mass_eV": 0.017454720257976796,
      "z_nonrelativistic": 32.060532507493086,
      "k_FS0_h_Mpc_inverse": 0.013963776206381437,
      "lambda_FS0_h_inverse_Mpc": 449.96319149745284,
      "k_nr_h_Mpc_inverse": 0.0013357606126139909
    },
    {
      "state": "nu_2",
      "mass_eV": 0.019481987935919015,
      "z_nonrelativistic": 35.90032758741535,
      "k_FS0_h_Mpc_inverse": 0.015585590348735212,
      "lambda_FS0_h_inverse_Mpc": 403.1406681806874,
      "k_nr_h_Mpc_inverse": 0.001411200825816621
    },
    {
      "state": "nu_3",
      "mass_eV": 0.05307522145074924,
      "z_nonrelativistic": 99.52839909095621,
      "k_FS0_h_Mpc_inverse": 0.0424601771605994,
      "lambda_FS0_h_inverse_Mpc": 147.97831114586165,
      "k_nr_h_Mpc_inverse": 0.0023292606739346473
    }
  ],
  "measurement_comparisons": {
    "Planck2018_N_eff": {
      "value": 2.99,
      "sigma": 0.17,
      "pull_sigma": 0.31764705882352834,
      "source": "local neutrino notes; public Planck compressed comparison"
    },
    "Planck2018_BAO_sum_mnu_bound": {
      "upper_95_eV": 0.12,
      "sum_mnu_eV": 0.09001192964464505,
      "passes_bound": true,
      "margin_eV": 0.029988070355354945
    },
    "ACT_DR6_extended_sum_mnu_bound": {
      "upper_95_eV": 0.082,
      "sum_mnu_eV": 0.09001192964464505,
      "passes_bound": false,
      "margin_eV": -0.008011929644645047,
      "model_dependent": true
    },
    "DESI_DR2_LCDM_sum_mnu_bound": {
      "upper_95_eV": 0.0642,
      "sum_mnu_eV": 0.09001192964464505,
      "passes_bound": false,
      "margin_eV": -0.025811929644645057,
      "model_dependent": true
    },
    "DESI_DR2_oscillation_lightest_mass": {
      "upper_95_eV": 0.023,
      "lightest_mass_eV": 0.017454720257976796,
      "passes_bound": true,
      "margin_eV": 0.0055452797420232035,
      "model_dependent": true
    },
    "linear_small_scale_power_suppression": {
      "f_nu": 0.006744316581655568,
      "delta_P_over_P_approx": -0.05395453265324454,
      "interpretation": "broad low-amplitude normal-ordering free-streaming imprint"
    }
  },
  "late_repair_projection_target": {
    "theorem_form": "L_OPH/L_0 = 1 - eta_A * Pi_L",
    "eta_A": 0.06569936051061365,
    "eta_A_formula": "1 - exp(-P/24)",
    "epsilon_required_to_map_cdm_S8_to_WL_target": 0.04695730969405598,
    "Pi_WL_compressed_required": 0.7147300876158466,
    "Pi_WL_is_universal_microphysical_constant": false,
    "projected_amplitude_theorem": {
      "formula": "L_OPH/L_0 = 1 - eta_A Pi_L",
      "Pi_L_definition": "Pi_L = integral K_L(k,a) W(k,a) dlnk dlna",
      "minimal_kernel": "B_A(k,a)=1-(1-exp(-P/24)) W_k(k) W_a(a)",
      "W_k": "k^2/(k^2+k_A^2)",
      "W_a": "Xi_A/(Xi_A+H_conformal)",
      "compressed_target_not_microphysical_constant": true,
      "required_Pi_WL_from_compressed_rows": 0.7147300876158466,
      "reconstructed_S8_from_required_Pi_WL": 0.79,
      "claim_boundary": "Pi_WL is a projection of the derived OPH window through an observable/survey kernel. The finite simulator must derive W(k,a), k_A, and Xi_A; it must not fit Pi_WL directly."
    },
    "z6_poisson_five_of_seven": {
      "branch": "z6_poisson_five_of_seven",
      "kernel_formula": "B_A(k,a)=1-(5/7)(1-exp(-P/24)) W_k(k) W_a(a)",
      "lambda_collar": 0.9343006394893864,
      "reserve": 0.06569936051061365,
      "pi_wl": 0.7142857142857143,
      "epsilon_A_wl": 0.04692811465043832,
      "R_wl": 0.9530718853495617,
      "S8_projected_from_cdm_branch": 0.7900242004735911,
      "S8_target_reference": 0.79,
      "S8_sigma_reference": 0.016,
      "pull_sigma_reference": 0.0015125295994428134,
      "compressed_scorecard_mode_supported": true,
      "boltzmann_lite_kernel_callable": true,
      "finite_collar_emitted_kA_tau_rec": false,
      "claim_boundary": "Five-of-seven branch is a theorem-motivated compressed/kernel target. It is not a full weak-lensing likelihood and does not close the B_A-from-finite-collar gate."
    },
    "S8_cdm_branch": 0.828924043,
    "S8_weak_lensing_target": 0.79,
    "missing_inputs": [
      "finite_collar_parent_W_k_a",
      "observable_kernel_K_L_for_each_survey",
      "full_CAMB_CLASS_anomaly_module",
      "survey_covariance_likelihood"
    ],
    "claim_boundary": "The compressed Pi_WL value is a target for pairing a derived OPH W(k,a) with a declared weak-lensing response kernel. It is not a universal OPH constant and is not derived by this report."
  },
  "theorem_package_coverage": {
    "static_to_linear_separation_declared": true,
    "parent_finite_collar_response_functional_target": true,
    "linear_repair_transfer_equation_available": true,
    "collar_reserve_amplitude_normalization_available": true,
    "minimal_one_pole_kernel_callable": true,
    "projected_amplitude_theorem_available": true,
    "compressed_weak_lensing_target_available": true,
    "no_universal_weak_lensing_projection_constant_declared": true,
    "finite_collar_window_derived_by_simulator": false,
    "claim_boundary": "The theorem package is represented as diagnostic equations and gates. The simulator still needs finite-collar packet data to derive the actual W(k,a) window and close B_A(k,a)."
  },
  "camb_class_inputs": {
    "nnu": 3.044,
    "num_massive_neutrinos": 3,
    "mnu_sum_eV": 0.09001192964464505,
    "neutrino_hierarchy": "normal",
    "omnuh2": 0.0009666229558058961,
    "individual_masses_eV": [
      0.017454720257976796,
      0.019481987935919015,
      0.05307522145074924
    ],
    "note": "CAMB commonly accepts a total mnu and neutrino_hierarchy; exact per-eigenstate transfer requires solver-specific setup and official likelihood validation."
  },